state_abbv,state_fips,year,website_pollingplace,website_reg_status,website_precinct_ballot,website_absentee_status,website_provisional_status,reg_rej,prov_partic,prov_rej_all,abs_rej_all_ballots,abs_nonret,uocava_rej,uocava_nonret,eavs_completeness,post_election_audit,nonvoter_illness_onyear_pct,nonvoter_illness_offyear_pct,nonvoter_reg_onyear_pct,nonvoter_reg_offyear_pct,online_reg,wait,residual,pct_reg_of_vep_vrs,vep_turnout,nonvoter_illness_onyear_new,eric_membership,risk_limiting_audits,nonvoter_illness_offyear_new
"AK","Alaska",2008,0,"0",,,"",.0681019,.0621388,.0007813,.0018604,.1645482,.0429646,.1546564,1,1,.15214236,,.05210728,,"0",5.7127,.0034948,.875693,.6827726,,,,
"AK","Alaska",2010,1,"1",0,1,"0",.0820497,.0497725,.0049784,.0021139,.1559424,.0424946,.4828166,1,1,,.0931353,,.0352794,"0",,,.8354309,.5255604,,,,
"AK","Alaska",2012,1,"1",0,1,"0",.0970629,.0603541,.00081,.0026615,.154525,.082484,.193297,1,1,.12015536,,.06383421,,"0",3.656872,.0039742,.8684716,.5918064,,,,
"AK","Alaska",2014,1,"1",0,1,"0",.0864959,.0567391,.0072061,.003245,.2494985,.0503247,.2566437,1,1,,.0931197,,.0201839,"0",4.156598,,.8269493,.5438179,,,,
"AK","Alaska",2016,1,"1",1,1,"0",.1116463,.0613138,.0008383,.0027097,.131722,.0793299,.1236304,1,1,.12192352,,.05422933,,"1",6.428843,.0082947,.875029,.612886,,,,
"AK","Alaska",2018,1,"1",1,1,"0",.099038,.0460685,.0044246,.0026367,.165157,.0251142,.1603163,1,1,,.1113286,,.0223332,"1",3.296339,,.8660678,.5462276,,,,
"AK","Alaska",2020,1,"1",1,1,"0",.1190316,.0325069,.0006613,.0017792,.1969841,.0129431,.1581228,1,1,,,.04437756,,"1",11.31896,.0051743,.8995625,.687637,-.0678386,1,,
"AK","Alaska",2022,1,"1",1,1,"0",.1674155,.0300022,.0029807,.0021195,.1843814,.0255493,.2313433,1,1,,,,.0173662,"1",3.65806,,.8635797,.5077654,,1,,-.0534519
"AL","Alabama",2008,0,"0",,,"",.0004391,,,,,,.3100032,.4860942,0,.2261501,,.0759389,,"0",14.2608,,.8522075,.6095284,,,,
"AL","Alabama",2010,1,"1",0,1,"1",.0010221,.0023871,.0012294,,,.1917563,.7643077,.5942518,0,,.1865659,,.078653,"0",,,.8214131,.4306084,,,,
"AL","Alabama",2012,1,"1",0,1,"1",,.0036719,.0021163,,,,,.5824811,0,.23142886,,.07635505,,"0",11.30834,.006219,.863281,.5889097,,,,
"AL","Alabama",2014,1,"1",0,1,"1",.0177437,.0019377,.000613,,,,.8178264,.6252103,0,,.166047,,.0646148,"0",3.71631,,.8018457,.332124,,,,
"AL","Alabama",2016,1,"1",1,1,"1",.0160717,,,,.10026,.0392465,.3813421,.7435867,0,.22291428,,.05076856,,"1",13.17053,.0062881,.8621275,.5896026,,,,
"AL","Alabama",2018,1,"1",1,1,"1",.0171104,.0052399,.002139,.0008075,.0875211,.0127389,.3203463,.9959073,0,,.1679202,,.0520435,"1",7.469024,,.8828068,.472894,,,,
"AL","Alabama",2020,1,"1",1,1,"1",.012108,.0065817,.0027488,,,.0103033,.2301706,.8803726,0,,,.05091877,,"1",19.68146,.0031203,.8822114,.6312694,-.1321405,1,,
"AL","Alabama",2022,1,"1",1,1,"1",.0111785,.0038425,.0014395,,.1618537,.00611,.3084507,.9674774,0,,,,.0228558,"1",2.563132,,.8582346,.3774113,,1,,-.0892673
"AR","Arkansas",2008,1,"1",,,"",,.002031,,,,,.2600094,.7073488,0,.17098345,,.03797669,,"0",21.48361,.0085277,.742385,.5290489,,,,
"AR","Arkansas",2010,1,"1",1,1,"0",.0452559,.0016515,.0009079,.0016142,.0973715,.0419463,.5247525,.977605,0,,.1586142,,.0254112,"0",,,.7192547,.3754192,,,,
"AR","Arkansas",2012,1,"1",1,1,"0",,.0024149,.0015701,.0009498,.0907552,.1001417,.2774451,.9692506,0,.17145225,,.05128189,,"0",12.88792,.0084187,.7594837,.5095499,,,,
"AR","Arkansas",2014,1,"1",0,1,"0",.0139308,.0019158,.0010862,.001238,.0948457,,.3543165,.950947,0,,.1407865,,.022308,"0",7.701295,,.7472966,.4014286,,,,
"AR","Arkansas",2016,1,"1",0,1,"0",.0337863,.0041318,.003051,.0016215,.079493,,.1725993,.9339136,0,.20186481,,.04649762,,"0",15.3538,.0093646,.8370594,.5277001,,,,
"AR","Arkansas",2018,1,"1",0,1,"0",,,,.0015015,.1086918,,,.8278583,0,,.1477313,,.0303957,"0",8.154811,,.7895977,.4138204,,,,
"AR","Arkansas",2020,1,"1",0,1,"0",.0004004,.0171815,.0039692,.0067325,.0233781,,,.9496029,1,,,.04812417,,"0",9.019198,.0040469,.8307091,.5607079,-.0941103,,,
"AR","Arkansas",2022,1,"1",0,1,"0",.0319725,.0040411,.002674,.001335,.1668389,.0739958,.6369916,.9836867,1,,,,.0271934,"0",7.545673,,.7770137,.4194974,,,,-.0416311
"AZ","Arizona",2008,0,"0",,,"",,.0654066,.0191624,.0029416,.0642906,.0190819,.3659405,.9894488,1,.12171349,,.09185892,,"1",23.71424,.0117957,.8294159,.5736055,,,,
"AZ","Arizona",2010,1,"1",0,0,"1",,.0467456,.0082612,.0047194,.2307793,.0355656,.672896,.9910133,1,,.087298,,.0642903,"1",,,.803252,.4152188,,,,
"AZ","Arizona",2012,1,"1",0,1,"1",,.0788693,.0142117,.0053323,.1967418,.0095289,.2858332,.990735,1,.12530252,,.09045524,,"1",10.78703,.0104688,.7745221,.5329217,,,,
"AZ","Arizona",2014,1,"1",0,1,"1",.0870543,.042909,.0055109,.0067557,.421268,.0338462,.6309821,1,1,,.0770359,,.0551061,"1",2.154743,,.7744793,.3411599,,,,
"AZ","Arizona",2016,1,"1",0,1,"1",,.0376507,.0087999,.0039553,.1857665,.0269812,.1832532,.9855512,1,.08287324,,.06346135,,"1",5.688967,.0213564,.809389,.5501658,,,,
"AZ","Arizona",2018,1,"1",0,1,"1",.0809728,.0215892,.0061836,.0037385,,.007,.3360628,.9909393,1,,.0785671,,.052186,"1",2.807997,,.8171514,.4907542,,,,
"AZ","Arizona",2020,1,"1",0,1,"1",.0460115,.0147087,.0058948,.0022605,.1673539,.002597,.1474238,1,1,,,.06018838,,"1",4.48878,.0103115,.8692182,.6591993,0,1,,
"AZ","Arizona",2022,1,"1",0,1,"1",.0441212,.0066248,.0035261,.0034466,.3583576,.0094569,.4234138,1,1,,,,.0202295,"1",7.060891,,.8529231,.4944475,,1,,0
"CA","California",2008,0,"0",,,"",,.0578562,.0098768,.0096583,.1615253,.0566575,.373328,.9675562,1,.14775597,,.08574958,,"0",13.64365,.0131903,.8248458,.6173517,,,,
"CA","California",2010,0,"0",0,0,"0",,.0519362,.0064789,.006904,.3094001,.0446684,.7217111,.9853116,1,,.1123199,,.0515269,"0",,,.7591342,.4505084,,,,
"CA","California",2012,0,"0",0,0,"0",,.0814496,.0136471,.0045501,.2938262,.0848288,.4602846,.9831181,1,.13636522,,.09350371,,"1",5.803193,.0123927,.8010042,.5589381,,,,
"CA","California",2014,1,"0",0,0,"0",.096147,.0506015,.0054663,.0065635,.4949773,.1152748,.8375474,.9956588,1,,.1019497,,.0417634,"1",2.087554,,.7414938,.3078467,,,,
"CA","California",2016,1,"1",0,1,"1",.1585112,.0894693,.0132462,.0040015,,.0473816,.2925338,.9912663,1,.11564228,,.07864251,,"1",6.625767,.0255033,.797656,.5668691,,,,
"CA","California",2018,1,"1",0,1,"1",.1767657,.0778832,.0106395,.0116981,,.0704771,.6321295,.9948491,1,,.096105,,.0338701,"1",4.529634,,.8101811,.495903,,,,
"CA","California",2020,1,"1",0,1,"1",.1139289,,,.0052087,,.0154734,.4349425,.8629141,1,,,.06961001,,"1",4.076362,.0159836,.8540964,.6850284,-.0960509,,,
"CA","California",2022,1,"1",0,1,"1",,.0066592,.0004958,.021825,0,.0669525,.7436754,.976256,1,,,,.023942,"1",3.543783,,.8365454,.4353111,,,,-.0619794
"CO","Colorado",2008,0,"1",,,"",,.0218914,.0033937,.0032985,.0900125,.0580932,.2623838,.9396685,1,.11898357,,.06445456,,"0",12.64701,.0086181,.840033,.716011,,,,
"CO","Colorado",2010,1,"1",0,1,"1",.0664043,.0215285,.0020057,.0043214,.2199413,.0299033,.5702347,1,1,,.098185,,.0481646,"1",,,.8237152,.5069619,,,,
"CO","Colorado",2012,1,"1",0,1,"1",.0167844,.024222,.003804,.0063234,.1249349,.0365144,.3044472,1,1,.09195083,,.06357475,,"1",6.306886,.0104516,.8784338,.7104929,,,,
"CO","Colorado",2014,1,"1",0,1,"1",.0244443,.0004726,.0001912,.0071792,.349731,.0178598,.6655581,1,1,,.0721372,,.0430391,"1",1.402647,,.8667469,.5446357,,,,
"CO","Colorado",2016,1,"1",0,1,"1",.0329898,.0020491,.0005142,.0080608,,.0161276,.4022006,1,1,.070554,,.06149936,,"1",2.399448,.0276191,.9004806,.7009678,,,,
"CO","Colorado",2018,1,"1",1,1,"1",.0640666,.0001806,.0001338,.0074121,,.0205236,.4559784,1,1,,.0641624,,.0527421,"1",2.00508,,.8841722,.6295422,,,,
"CO","Colorado",2020,1,"1",1,1,"1",.0097921,.000103,.0000578,.0088948,,.0293274,.3495983,1,1,,,.07204733,,"1",.7572703,.01173,.9241692,.7641143,-.0431719,1,1,
"CO","Colorado",2022,1,"1",1,1,"1",.0139428,.0000445,.0000232,.009861,0,.0603961,.6311184,1,1,,,,.0395826,"1",2.084751,,.9348375,.5845324,,1,1,-.0328673
"CT","Connecticut",2008,0,"0",,,"",.0042329,.0004347,.0002718,.0018683,,,,.7778371,1,.21747319,,.04721039,,"0",10.07436,,.8556383,.6664255,,,,
"CT","Connecticut",2010,1,"1",0,1,"0",,.0007982,.0005009,.0010764,.0651016,.015942,.3603276,.9439592,1,,.1473903,,.028935,"0",,,.8137398,.459599,,,,
"CT","Connecticut",2012,1,"1",0,1,"0",,.0006171,.0005402,.0015096,.0865572,.0096428,.1145186,.7777778,1,.18870133,,.04193211,,"0",8.502415,,.844919,.6099896,,,,
"CT","Connecticut",2014,1,"1",0,1,"0",,.0000173,8.21e-06,.001098,.083933,.0183824,.2668464,.9444444,1,,.1238912,,.0245035,"1",2.990191,,.8114153,.4253355,,,,
"CT","Connecticut",2016,1,"1",1,1,"0",,.0000394,.0000215,.0015108,.0634724,.0179473,.1825397,.8888889,1,.20214406,,.03287137,,"1",6.073258,.0185037,.8654541,.6421568,,,,
"CT","Connecticut",2018,1,"1",1,1,"0",,9.85e-06,2.81e-06,.0012134,.0949442,.0114082,,.8785991,1,,.1435107,,.0317781,"1",4.828114,,.8331,.5439393,,,,
"CT","Connecticut",2020,1,"1",1,1,"1",,.0000998,.000044,.003486,.1905525,.023495,.2086432,.9400161,1,,,.05731781,,"1",8.795856,.0200039,.8902531,.7148875,-.0597348,1,,
"CT","Connecticut",2022,1,"1",1,1,"1",,.0000185,7.71e-06,.001941,.2540373,.0378788,.5906976,.9411765,1,,,,.0204645,"1",2.713161,,.8692232,.4888245,,1,,-.101761
"DC","District of Columbia",2008,1,"1",,,"",,.0648518,.0183761,.0103936,.0366838,,.5354439,.7777778,0,.26005191,,.10069024,,"0",,.0038146,.9090906,.6169486,,,,
"DC","District of Columbia",2010,1,"1",0,1,"1",.0288014,.0395889,.0029298,.0023482,.3269511,.1090343,.7118492,1,1,,.132365,,.0612748,"0",,,.8470676,.2957391,,,,
"DC","District of Columbia",2012,1,"1",0,1,"1",.0053329,.1313015,.0110279,.0013458,.2820159,.015,.1858887,1,1,.24762523,,.09262621,,"0",33.85453,.0016652,.9245937,.6196569,,,,
"DC","District of Columbia",2014,1,"1",0,1,"1",.0034302,.1134082,.0067371,0,.2540129,.1498638,.5807229,1,1,,.1066784,,.0556776,"1",6.901768,,.8625319,.3579111,,,,
"DC","District of Columbia",2016,1,"1",1,1,"1",.005027,.0110537,.0046723,.0001058,.2217489,.0405405,.1897547,1,1,.20776799,,.03172313,,"1",16.3224,.0041814,.9363362,.6085837,,,,
"DC","District of Columbia",2018,1,"1",1,1,"1",.0495441,.0103841,.0061761,.0014329,.2458871,.0280374,.4956795,1,1,,.1241904,,.072201,"1",12.25722,,.9082791,.4374204,,,,
"DC","District of Columbia",2020,1,"1",1,1,"1",.0279283,.0087592,.0037432,.0021011,,.0018036,.168749,1,1,,,.05714988,,"1",3.465483,.0061618,.9590877,.6408371,-.1409692,1,,
"DC","District of Columbia",2022,1,"1",1,1,"1",.0153312,.0020897,.0019099,.0123534,0,.010661,.3575343,1,1,,,,.0595123,"1",9.966932,,.9219933,.4358797,,1,,-.0958736
"DE","Delaware",2008,1,"0",,,"",.246144,.0009478,.0007987,.0008011,.0355968,.0737514,.2255319,1,1,.21303475,,.04752197,,"0",12.16164,.0027807,.8579402,.6583285,,,,
"DE","Delaware",2010,1,"0",1,1,"1",.1600311,.0001042,.0000979,.0004357,.0454772,.0431177,.6394261,1,1,,.1426831,,.0128883,"0",,,.8167546,.4784293,,,,
"DE","Delaware",2012,1,"0",1,1,"1",.0414882,.0010847,.0010009,.0005747,.0763399,.0977143,.2850829,1,1,.18058525,,.05101806,,"0",4.920934,.0088689,.8627042,.6266024,,,,
"DE","Delaware",2014,1,"1",1,1,"1",.0523322,.0002604,.0002268,.0002604,.2352455,.0149254,.5833333,1,1,,.1346084,,.0097445,"1",2.654505,,.8248424,.3435541,,,,
"DE","Delaware",2016,1,"1",1,1,"1",.0757975,.0006604,.0006091,.0004819,.119254,.0399523,.196,1,1,.17922233,,.04036922,,"1",4.889554,.0031759,.8698691,.6440257,,,,
"DE","Delaware",2018,1,"1",1,1,"1",.0068244,.0003137,.0002919,.0019261,.1868675,.0136799,.3815567,1,1,,.1363971,,.0222916,"1",4.468648,,.8376662,.5144278,,,,
"DE","Delaware",2020,1,"1",1,1,"1",.0824457,.0008413,.0006373,.0040785,.1287681,.0510498,.1621249,1,1,,,.04292835,,"1",32.53292,.0102721,.8875969,.7067579,-.1284171,1,,
"DE","Delaware",2022,1,"1",1,1,"1",.0089283,.0001074,.0000767,.0046681,.25934,.0741379,.4974003,1,1,,,,.0184076,"1",5.097708,,.8992084,.4318836,,1,,-.1078571
"FL","Florida",2008,0,"0",,,"",.0043993,.0041851,.0021517,.0021675,.1405957,.0237567,.2162445,1,1,.16753253,,.09558636,,"0",28.8429,.0073533,.8768896,.6663098,,,,
"FL","Florida",2010,1,"1",1,1,"0",,.002408,.0006195,.0032842,.2898481,.0410716,.5955917,.8888889,1,,.1427553,,.0495096,"0",,,.8182136,.4228351,,,,
"FL","Florida",2012,1,"1",1,1,"0",.0629904,.0049949,.0021158,.0024058,.1815513,.0308689,.2495005,1,1,.14670882,,.0782752,,"0",44.97699,.007481,.852604,.6396278,,,,
"FL","Florida",2014,1,"1",0,1,"0",.0358024,.0020797,.0008905,.0031405,.2905891,.0378265,.6288099,1,1,,.1320184,,.0401903,"0",3.599352,,.8228478,.4326273,,,,
"FL","Florida",2016,1,"1",0,1,"0",.0601564,.0025443,.0014002,.0022856,.2170942,.0316635,.2767455,.9999695,1,.13161255,,.06030143,,"0",5.551784,.0081146,.8701133,.6464386,,,,
"FL","Florida",2018,1,"1",0,1,"0",.1074619,.0016344,.001008,.0037458,.2557576,.0659338,.4762005,.9977963,1,,.1179324,,.0319729,"1",5.929375,,.8657085,.5494362,,,,
"FL","Florida",2020,1,"1",0,1,"0",.1003798,.0018588,.0012135,.0012506,.216776,.0181217,.1887295,.9968572,1,,,.03637806,,"1",14.27463,.0069448,.8767132,.7166308,-.0516984,1,,
"FL","Florida",2022,1,"1",0,1,"0",.0430667,.0008995,.0005393,.0028216,.3716554,.0451941,.5995883,.9999118,1,,,,.018443,"1",6.323721,,.8527526,.493537,,1,,-.0559876
"GA","Georgia",2008,1,"1",,,"",.0014454,.0043675,.0022621,.000882,.0164289,.0225782,.3132415,.9998797,,.14203437,,.0584905,,"0",37.57042,.0053731,.8493528,.6273138,,,,
"GA","Georgia",2010,1,"1",1,1,"0",.0019959,.0031868,0,.0001697,.0257251,.0447316,.7990428,.993493,0,,.141477,,.0514005,"0",,,.7885268,.4059247,,,,
"GA","Georgia",2012,1,"1",1,1,"0",,.0053178,.002761,.0001813,.0168093,.024003,.3453543,.9413403,0,.16754481,,.06287351,,"0",17.77648,.0049256,.8632095,.5865015,,,,
"GA","Georgia",2014,1,"1",1,1,"1",.0037512,.0046812,.0019952,.0016662,.1295609,.0448065,.4371418,.9985401,0,,.1291866,,.0471081,"1",7.374517,,.7780347,.3853082,,,,
"GA","Georgia",2016,1,"1",1,1,"1",.0029336,.0040363,.0022056,.0032979,.100842,.0814246,.2736933,1,0,.14848693,,.06040053,,"1",16.55033,.0057517,.8330312,.591585,,,,
"GA","Georgia",2018,1,"1",1,1,"0",.0025963,.0054668,.0024543,.0019009,.137941,.0563194,.3344725,.9998013,0,,.1522279,,.0429129,"1",15.396,,.8381456,.5502736,,,,
"GA","Georgia",2020,1,"1",1,1,"1",.0061415,.0035903,.0012391,.0009562,.2517692,.020777,.3369298,.9996231,1,,,.06547212,,"1",23.19837,.0056105,.8754281,.6803165,-.0670604,1,1,
"GA","Georgia",2022,1,"1",1,1,"1",.0027668,.0014635,.0005011,.000955,.1019057,.0541009,.3058006,1,1,,,,.0337963,"1",9.707685,,.855806,.5258938,,1,1,-.0748287
"HI","Hawaii",2008,1,"0",,,"",,.0011469,.0008838,.0018352,.0893652,,,.9012241,1,.12623376,,.06466489,,"0",5.735971,.0054807,.6961197,.4903561,,,,
"HI","Hawaii",2010,1,"0",1,0,"0",,.0005126,.0003909,.0030637,.0772255,.0619946,.3410302,.9262081,1,,.1151493,,.1021117,"0",,,.6577465,.4009361,,,,
"HI","Hawaii",2012,1,"0",1,0,"0",,.0016278,.0013943,.0025322,.0981071,,.3262103,.9262494,1,.12792197,,.0816899,,"0",7.027607,.005638,.7091731,.444745,,,,
"HI","Hawaii",2014,1,"1",1,0,"0",,.0004654,.0004042,.0016554,.1423769,.125,.4751381,.9494085,1,,.0897427,,.0969557,"0",2.496192,,.640036,.3649429,,,,
"HI","Hawaii",2016,1,"1",1,0,"0",,.0019306,.0016244,.0028421,.1524386,.0259301,.2264261,.9710841,1,.09996945,,.07057734,,"1",3.780215,.01994,.7187587,.4217789,,,,
"HI","Hawaii",2018,1,"1",1,0,"1",,.0022976,.0010585,.0079902,.215932,.0111857,,.8333333,1,,.1024153,,.05598,"1",4.425862,,.70885,.3930122,,,,
"HI","Hawaii",2020,1,"1",1,1,"1",,.0000207,.0000103,.0047354,,.0099338,.2160935,.981145,1,,,.10149209,,"1",.1051026,.0092638,.8148673,.5752282,-.0207341,,,
"HI","Hawaii",2022,1,"1",1,1,"1",,9.45e-06,7.08e-06,.0119922,0,.0100806,.3921569,.9444444,1,,,,.0355857,"1",3.0169,,.7658879,.4105843,,,,-.0393256
"IA","Iowa",2008,1,"1",,,"",.0081065,.002785,.0002496,.0027941,.0513921,.0813025,.2499575,.9444444,0,.12207783,,.03788294,,"0",5.006278,.0062291,.8531576,.6965688,,,,
"IA","Iowa",2010,1,"1",0,1,"0",.0022326,.0017566,.0003079,.0037762,.0597957,.0373444,.5475862,.9993886,0,,.0931856,,.0328383,"0",,,.8240576,.5079022,,,,
"IA","Iowa",2012,1,"1",0,1,"0",.0057212,.0031422,.000544,.0051373,.0700988,.0592933,.2159142,1,0,.12272054,,.01885386,,"0",7.495293,.0048876,.864816,.7024691,,,,
"IA","Iowa",2014,1,"1",0,1,"0",.0028298,.0029896,.0004141,.0064308,.1027749,.0571956,.3266332,1,0,,.0727264,,.0294497,"0",1.907715,,.8476908,.502327,,,,
"IA","Iowa",2016,1,"1",0,1,"0",.0060064,.0016144,.000437,.00268,.0310747,.0381659,.2040688,.9441887,0,.09004534,,.01586474,,"1",3.84448,.0097004,.8584474,.6837921,,,,
"IA","Iowa",2018,1,"1",0,1,"0",.0026163,.0076019,.0006078,.0038208,.0935736,.0227155,.2406899,.9995574,1,,.0740915,,.0300386,"1",2.884931,,.8776672,.5770594,,,,
"IA","Iowa",2020,1,"1",0,1,"0",.0066872,.0010599,.0003,.0015246,.0503915,.0050487,.121981,1,1,,,.02048012,,"1",6.885262,.0054461,.9115583,.7324576,-.1113982,1,,
"IA","Iowa",2022,1,"1",0,1,"0",.0017391,.0004512,.0002292,.0007267,.0250486,.0337931,.243215,1,1,,,,.0166712,"1",3.754597,,.8461392,.5225917,,1,,-.0894122
"ID","Idaho",2008,1,"0",,,"",,,,.0013438,.0334968,.1277148,.2272357,.9375,0,.15048735,,.02202454,,"0",6.491838,.0186875,.7710114,.6484317,,,,
"ID","Idaho",2010,1,"1",0,1,"NA",,,,.0030563,.0660938,.2094595,.5288932,.9375,0,,.1283618,,.0168036,"0",,,.7121072,.4277239,,,,
"ID","Idaho",2012,1,"1",0,1,".",,,,.0014318,.0325269,.1358954,.1849817,.9366804,0,.13142571,,.03208783,,"0",7.092125,.0210359,.7705358,.6087676,,,,
"ID","Idaho",2014,1,"1",0,1,".",,,,.0016191,.1088059,.1,.2867257,.9375,0,,.1277858,,.013506,"0",1.959351,,.701522,.3960464,,,,
"ID","Idaho",2016,1,"1",0,1,".",,,,.0012329,.029666,.1374101,.1514851,.9375,0,.1310991,,.02422966,,"0",8.013486,.028305,.7803469,.591377,,,,
"ID","Idaho",2018,1,"1",0,1,".",,0,0,.0019393,.0612896,.0655367,.2195767,.9353741,0,,.1197211,,.0087345,"1",6.496275,,.7210763,.5003255,,,,
"ID","Idaho",2020,1,"1",0,1,"NA",,0,0,.0044707,.1277943,,,.8650624,1,,,.03009915,,"1",6.061793,.012801,.8025349,.6796057,-.0610931,,,
"ID","Idaho",2022,1,"1",0,1,"NA",,0,0,,.1124586,.0031546,.0758018,.8035735,1,,,,.006454,"1",7.240234,,.7562461,.4224916,,,,-.038004
"IL","Illinois",2008,0,"0",,,"",.0456816,,,,.0742571,.0297539,.3062727,.6392842,1,.1864434,,.06370506,,"0",9.287217,.0098856,.852006,.642565,,,,
"IL","Illinois",2010,1,"1",0,0,"1",.4036577,,.0037248,.0007608,.1727937,.046721,.7815896,.9379956,1,,.130213,,.0407699,"0",,,.8180088,.4319448,,,,
"IL","Illinois",2012,1,"1",0,0,"1",.0369644,.00383,.0056721,.0007937,.0793134,,,.8224649,1,.1558387,,.06105107,,"0",11.71202,.0071714,.8482321,.5930306,,,,
"IL","Illinois",2014,1,"1",0,0,"1",,.0088713,.0023771,.0013721,.1461835,,,.8199335,1,,.125107,,.0364421,"1",4.490543,,.8024021,.4094988,,,,
"IL","Illinois",2016,1,"1",0,0,"1",.0340921,.0047393,.002206,.001079,.1204674,.0246251,.2156082,.9996744,1,.12755969,,.04162676,,"1",6.372737,.0125823,.8841081,.619076,,,,
"IL","Illinois",2018,1,"1",0,0,"1",,.0040482,.0014616,.0019174,.1596732,,,.8936481,1,,.1252018,,.0237291,"1",5.929732,,.8636311,.5140406,,,,
"IL","Illinois",2020,1,"1",0,0,"1",.058762,.008195,.0012837,.0054986,.0983122,.0194126,.1892417,.9926044,1,,,.04203625,,"1",9.225952,.0106555,.8906034,.6702055,-.0395023,,,
"IL","Illinois",2022,1,"1",0,0,"1",,,,,,,,.8085989,1,,,,.0145573,"1",5.566379,,.8688303,.4642188,,1,,-.0686399
"IN","Indiana",2008,1,"1",,,"",.0204084,,,,.0365818,,.4717899,.9436936,0,.17045112,,.06861136,,"0",24.05688,.0193628,.8106478,.6030463,,,,
"IN","Indiana",2010,1,"1",1,1,"1",.544636,.0010168,.0006178,.0042425,,.0681576,.7370199,.9826866,0,,.1250947,,.025923,"1",,,.7351322,.3800622,,,,
"IN","Indiana",2012,1,"1",1,1,"1",.0407637,.0018026,.0015007,.0045217,.0065626,.2058374,.1347832,.9932502,0,.17448731,,.06457779,,"1",14.31977,.0145808,.7842379,.5596369,,,,
"IN","Indiana",2014,1,"1",1,1,"1",.0404753,,,.0044887,.0088934,.1613833,.1029301,.968887,0,,.1069577,,.0226889,"1",4.858101,,.751587,.2882431,,,,
"IN","Indiana",2016,1,"1",1,1,"1",.0659661,.0010711,.0008437,.0007399,.0026247,.0252196,.0877317,1,0,.17443781,,.05207844,,"1",17.09024,.0177785,.8135898,.5636001,,,,
"IN","Indiana",2018,1,"1",1,1,"1",.058564,.0009792,.00072,,.0054922,.0156342,.2012253,.9883077,0,,.1008081,,.0290111,"1",10.68126,,.8190028,.4688658,,,,
"IN","Indiana",2020,1,"1",1,1,"1",.0378174,.0018,.0013286,.0009403,.0159641,.0038575,.1463438,.9967892,1,,,.04356328,,"1",42.07186,.0115433,.8210332,.6137075,-.1118517,,,
"IN","Indiana",2022,1,"1",1,1,"1",.0419421,.0016746,.0010972,.0014052,.0091573,.0098377,.1789176,.9968833,1,,,,.0221441,"1",6.137531,,.7941101,.3737347,,,,-.0891586
"KS","Kansas",2008,0,"1",,,"",.000404,.031835,.0098227,.0032542,.0658288,.1010196,.2447344,.8860591,0,.1657014,,.05095426,,"0",10.75167,,.7717946,.6347194,,,,
"KS","Kansas",2010,1,"1",1,1,"0",.0003471,.0210888,.0059079,.0049309,.1631055,.0357654,.7018052,1,0,,.1197259,,.0352724,"1",,,.7672316,.4168779,,,,
"KS","Kansas",2012,1,"1",1,1,"0",,.0348477,.0120929,.0045388,,.056887,.2277816,.9444444,0,.15518427,,.06523893,,"1",11.49815,.0224194,.8128678,.5812451,,,,
"KS","Kansas",2014,1,"1",1,0,"0",,.0256562,.0074088,.0025223,.119611,.0174927,.208284,.9444444,0,,.1160567,,.0262487,"1",4.458911,,.7505795,.4340021,,,,
"KS","Kansas",2016,1,"1",1,0,"0",,.033406,.0112114,.0035644,.0881266,.0128312,.1590704,.939796,0,.13775086,,.05513639,,"1",5.504723,.025307,.8075151,.5772641,,,,
"KS","Kansas",2018,1,"1",0,.5,"0",,.0220005,.0058258,.0014242,.098428,.003642,.1043802,.9419301,0,,.1281831,,.0298225,"1",4.555366,,.8262428,.5115109,,,,
"KS","Kansas",2020,1,"1",0,1,"0",,.0346523,.0086832,,.2008903,.0046092,.1010629,.8928932,1,,,.0497075,,"1",6.358419,,.8451576,.6586018,-.0876995,,,
"KS","Kansas",2022,1,"1",0,1,"0",,.0173541,.0044025,.0014114,.1353868,.0035629,.1801363,.9276996,1,,,,.0122333,"1",4.30403,,.8457037,.4794082,,,,-.0434119
"KY","Kentucky",2008,1,"1",,,"",,.0004593,.0003642,.0010153,.0618627,,.2498479,.7222222,0,.22425771,,.05889091,,"0",12.31409,.0188383,.8316791,.5895327,,,,
"KY","Kentucky",2010,1,"1",0,0,"1",.2089105,.0000726,.0000677,.0008419,.0254521,.0656934,.2651515,.9995568,0,,.17314,,.0273906,"0",,,.764523,.4414108,,,,
"KY","Kentucky",2012,1,"1",0,0,"1",.2089529,.000158,.0001305,.000999,.0808597,.0809474,.2237081,1,0,.17743474,,.04519943,,"0",8.032156,.0102602,.8081189,.5590128,,,,
"KY","Kentucky",2014,1,"1",0,0,"1",,.0000898,.0000767,.0009333,.0679464,.1018277,.3571429,.9444444,0,,.1482159,,.0271423,"0",7.070019,,.8075726,.4403564,,,,
"KY","Kentucky",2016,1,"1",1,1,"1",.6719736,.0001493,.0001195,.0011004,.1036478,.0418269,.4587776,1,0,.166482,,.04025738,,"1",7.643252,.0166829,.8296631,.5872304,,,,
"KY","Kentucky",2018,1,"1",1,1,"1",.6378909,.0001142,.0001043,.0010842,.1165025,.1324232,.4279578,.9990387,1,,.156856,,.0256004,"1",8.267064,,.8092319,.4856621,,,,
"KY","Kentucky",2020,1,"1",1,1,"1",.6043823,.000469,.0004325,.0014499,.0478295,.0010709,.253199,.9998555,1,,,.03728075,,"1",5.063759,,.8808836,.6493936,-.149252,1,,
"KY","Kentucky",2022,1,"1",1,1,"1",.6666667,.0000766,.0000567,.0016375,.0998634,.0705487,.357554,1,1,,,,.0142147,"1",8.665002,,.841346,.4489421,,1,,-.0861379
"LA","Louisiana",2008,1,"0",,,"",.0590698,.0040746,.0023788,.0009476,.0259305,.0691343,.2909663,1,0,.2016062,,.04526043,,"0",19.07261,.0107515,.8808801,.6175855,,,,
"LA","Louisiana",2010,1,"1",1,1,"1",.1159358,.0002171,.000027,.0006461,.3442466,.1043643,.8804892,1,0,,.1732257,,.0413225,"1",,,.86245,.3994141,,,,
"LA","Louisiana",2012,1,"1",1,1,"1",.0780137,.0034063,.0021112,.0011784,.2173492,.0428422,.3880275,1,0,.17045942,,.03318321,,"1",20.24693,.0101675,.8502548,.6100044,,,,
"LA","Louisiana",2014,1,"1",1,1,"1",.0992271,.0010419,.0006689,.0012666,.2978559,.0640074,.8479988,1,0,,.1467682,,.0382911,"1",6.663304,,.8212861,.4505637,,,,
"LA","Louisiana",2016,1,"1",1,1,"1",.0528649,.002409,.0017826,.0011079,.2150946,.0593993,.4196441,1,1,.18314131,,.04184529,,"1",12.29062,.0100018,.8641496,.6001365,,,,
"LA","Louisiana",2018,1,"1",1,1,"1",.0559535,.0006114,.0004587,.0017084,.3282754,.0956468,.773755,1,1,,.1427252,,.0386513,"1",5.057682,,.8429124,.4476399,,,,
"LA","Louisiana",2020,1,"1",1,1,"1",.0320776,.0011899,.0008867,.0010895,.2494806,.0424005,.3284416,1,0,,,.0472223,,"1",15.61099,.0098364,.8798534,.642989,-.1195756,1,,
"LA","Louisiana",2022,1,"1",1,1,"1",.0521093,.0006331,.0004402,.0019141,.3583421,.0990566,.5275766,1,0,,,,.0279612,"1",4.321567,,.8549812,.4221986,,,,-.0717646
"MA","Massachusetts",2008,1,"0",,,"",,.0037744,.002718,.0006381,.0913532,.073864,.2611423,.6666667,0,.22329813,,.08706032,,"0",5.630793,.006981,.8705575,.6727288,,,,
"MA","Massachusetts",2010,1,"0",1,0,"0",.0330891,.0012405,.0008707,,.0588798,.0794937,.3245554,.8756685,0,,.171793,,.0221932,"0",,,.8188984,.4966685,,,,
"MA","Massachusetts",2012,1,"0",1,1,"0",.0334102,.0040575,.0030215,.0007845,.0823438,.0050396,.1808857,.9998856,0,.20336337,,.06830429,,"0",8.758975,.0051595,.8773614,.6659518,,,,
"MA","Massachusetts",2014,1,"1",1,1,"0",.0475713,.0012004,.0008862,.0004971,.0906886,.0067859,.2935498,1,0,,.1670783,,.0200162,"0",3.231891,,.8059961,.446268,,,,
"MA","Massachusetts",2016,1,"1",1,1,"0",.0334912,.002175,.0015227,.0015248,.1074175,.0095038,.1721112,.9999976,1,.19432175,,.0651627,,"1",5.338932,.0159095,.8767485,.6721011,,,,
"MA","Massachusetts",2018,1,"1",1,1,"0",.0461883,.0017424,.0012159,.0018728,.1518861,.0066093,.1788859,.9987447,1,,.1625401,,.0252902,"1",3.697242,,.8572566,.5459034,,,,
"MA","Massachusetts",2020,1,"1",1,1,"0",.0434786,.0011818,.0007072,.0027198,.0882921,.0056247,.1276767,.9997774,1,,,.04573459,,"1",3.543797,.0072725,.917527,.7210874,-.1210589,,,
"MA","Massachusetts",2022,1,"1",1,1,"0",.064695,.0009919,.0006371,.004534,.1622668,.0059116,.1999622,1,1,,,,.0243827,"1",1.998051,,.872848,.4942113,,1,,-.0785125
"MD","Maryland",2008,1,"1",,,"",,.0192204,.0064431,.0007224,.0926865,.0856509,.1741222,.8888889,1,.19235945,,.09176812,,"0",24.49189,.0113862,.8700553,.6781721,,,,
"MD","Maryland",2010,1,"1",1,1,"1",.0211606,.0199868,.0017113,.000607,.1456143,.1556095,.7464697,.9997876,1,,.1379261,,.0393463,"0",,,.812158,.4647394,,,,
"MD","Maryland",2012,1,"1",1,1,"1",.0025462,.0292138,.0040703,.0005537,.1245651,.1123021,.2578093,1,1,.19453773,,.06644569,,"1",29.18414,.0097785,.8707171,.6681667,,,,
"MD","Maryland",2014,1,"1",1,1,"1",.0001112,.0200928,.0014927,.0003977,.1906705,.0920852,.4571671,1,1,,.1217499,,.0387829,"1",4.791954,,.8518541,.4151856,,,,
"MD","Maryland",2016,1,"1",1,1,"1",.0015408,.0280195,.0033566,.0008506,.2210732,.076238,.3234063,1,1,.16130018,,.05530486,,"1",15.78131,.0092173,.8847268,.6659779,,,,
"MD","Maryland",2018,1,"1",1,1,"1",.0025933,.0233435,.0022628,.0008552,.2223271,.0296821,.3199795,1,1,,.1298147,,.0274132,"1",9.851649,,.8868241,.5422356,,,,
"MD","Maryland",2020,1,"1",1,1,"1",.0014799,.036659,.0012041,.0009606,.1137558,.0128745,.2569511,1,1,,,.0328768,,"1",16.36989,.0073778,.9284548,.7110246,-.1651495,1,,
"MD","Maryland",2022,1,"1",1,1,"1",.0014193,.0308648,.0008221,.0011203,.1685674,.0445098,.3735368,1,1,,,,.0203984,"1",4.522079,,.8972237,.4616065,,1,,-.1141708
"ME","Maine",2008,1,"0",,,"",.008236,,,.0024635,.0276688,.0559273,.2873508,.9314949,0,.13937449,,.01420892,,"0",4.3596,.017856,.8645574,.7184191,,,,
"ME","Maine",2010,1,"0",1,0,"NA",.0104181,.000275,0,.0019584,.0368565,.0500759,.5104012,.9997647,0,,.1015629,,.0074562,"0",,,.8598595,.5600411,,,,
"ME","Maine",2012,1,"0",1,0,".",.0165906,.0004346,0,.0029748,.0319774,.0794365,.2551909,.9999949,0,.15452802,,.01218966,,"0",3.730127,.015975,.8545574,.6916283,,,,
"ME","Maine",2014,1,"1",1,0,".",.0184159,.0001396,0,.0022104,.0388701,.03,.2332361,.9999197,0,,.1191811,,.0096398,"0",4.767301,,.8482357,.5852008,,,,
"ME","Maine",2016,1,"1",1,0,"1",.0111876,.0002514,0,.0031908,.0226125,.5,0,1,0,.14256482,,.00995806,,"0",4.057429,.0311288,.8765755,.7049893,,,,
"ME","Maine",2018,1,"1",1,,"0",.0088605,.0004894,0,.0032922,.0402722,.0297644,.2027027,1,0,,.1268588,,.0096398,"0",5.001592,,.8712323,.6020591,,,,
"ME","Maine",2020,1,"1",1,1,"NA",.004551,0,0,.0016121,.0293815,.0036836,.1121321,1,0,,,.01550642,,"0",5.675119,.0106772,.8882999,.7632143,-.0567124,,,
"ME","Maine",2022,1,"1",1,1,"NA",.0026397,.0001325,0,.0015461,.0480357,.0028752,.3088235,.9996784,0,,,,.005352,"0",2.577789,,.8497729,.6146381,,1,,-.0761493
"MI","Michigan",2008,1,"1",,,"",.0023448,.0007535,.0003917,.0016918,.0250295,.0905497,.2733931,.9634053,0,.15839989,,.04656121,,"0",20.39494,.0074049,.9044471,.6970152,,,,
"MI","Michigan",2010,1,"1",1,1,"0",.0025674,.0002563,.0001568,.0016677,.0457065,.0885368,.32848,1,0,,.1182201,,.0328043,"0",,,.8678957,.4516394,,,,
"MI","Michigan",2012,1,"1",1,1,"0",.0027539,.0005595,.0003106,.0016836,.029106,.0872351,.2511595,1,1,.16374734,,.03245489,,"0",21.92964,.0104043,.8952891,.653347,,,,
"MI","Michigan",2014,1,"1",1,1,"0",.0017235,.0003559,.0001402,.001604,.0723994,.0274646,.2455328,1,0,,.1241645,,.0243783,".5",2.884609,,.8664779,.4315599,,,,
"MI","Michigan",2016,1,"1",1,1,"0",.0007218,.0003879,.0003186,.0012659,.0612349,.0251353,.2177158,1,0,.13583705,,.03093756,,".5",8.301167,.010273,.8890972,.6465221,,,,
"MI","Michigan",2018,1,"1",1,1,"0",.0006761,.0001778,.0001262,.0013851,.054815,.0158915,.2464294,.9999469,0,,.1199042,,.0236532,"0",6.792833,,.8922639,.5777812,,,,
"MI","Michigan",2020,1,"1",1,1,"0",.0010719,.0000957,.0000819,.0036707,.0823096,.0457051,.1677644,1,1,,,.04398236,,"1",9.423936,.0063177,.9041349,.738968,-.0745408,1,,
"MI","Michigan",2022,1,"1",1,1,"0",.0498503,8.00e-06,6.22e-06,.0053642,.0665354,.0241949,.2658244,1,1,,,,.0144567,"1",3.697567,,.9133255,.593082,,1,,-.0947978
"MN","Minnesota",2008,1,"0",,,"",.0013859,,,.003398,,.063601,.2778373,.968371,1,.13356462,,.01187608,,"0",8.646645,.0033713,.9181286,.7810257,,,,
"MN","Minnesota",2010,1,"1",1,1,"NA",.0023995,,,.0036711,.0709079,.0734118,.349872,.9750772,1,,.1185615,,.0143632,"0",,,.8534724,.5586067,,,,
"MN","Minnesota",2012,1,"1",1,1,".",.0008924,,,.0026342,.0431996,.0763144,.2107462,1,1,.16280241,,.01234857,,"0",6.224818,.0048187,.8768958,.7611475,,,,
"MN","Minnesota",2014,1,"1",1,1,".",.0012605,,,.0024042,.1710997,.0653824,.3742975,1,1,,.1072707,,.0091464,"1",2.395515,,.8252797,.5050809,,,,
"MN","Minnesota",2016,1,"1",1,1,".",.000659,,,.0020449,.0754312,.0757648,.2334821,1,1,.15444912,,.02014818,,"1",6.853027,.0077648,.8865658,.7424856,,,,
"MN","Minnesota",2018,1,"1",1,1,".",.0007705,0,0,.0028565,.1129947,.1268927,.2836595,1,1,,.1076993,,.0092386,"1",3.367961,,.8842356,.6424988,,,,
"MN","Minnesota",2020,1,"1",1,1,"NA",.0004079,0,0,.0028109,.1614119,.0336198,.1774751,1,1,,,.01122756,,"1",10.97416,.004806,.9190621,.7995696,-.1216921,1,,
"MN","Minnesota",2022,1,"1",1,1,"NA",.0020561,0,0,.0029193,.2301022,.0923707,.363298,1,1,,,,.0064344,"1",3.357281,,.8923818,.6100821,,1,,-.1253935
"MO","Missouri",2008,1,"1",,,"",,.0023175,.0017253,.0018226,.0426211,.0460646,.1912849,.9568514,1,.16619581,,.09915379,,"0",25.94895,,.8546824,.691386,,,,
"MO","Missouri",2010,1,"1",1,0,"0",,.001859,.0010259,.0010335,.0367766,.0770588,.6100417,.9761097,1,,.1527473,,.0449207,"0",,,.8176373,.4446764,,,,
"MO","Missouri",2012,1,"1",1,0,"0",.0843807,.0022504,.0015879,.0017868,.0459155,.0386089,.2168997,.9968871,1,.16751409,,.07580572,,"0",12.70876,,.867941,.6251281,,,,
"MO","Missouri",2014,1,"1",1,0,"0",.0002775,.0006368,.0004254,.000935,.0638707,.027163,.420739,1,1,,.1424134,,.0325401,"1",3.139476,,.8345045,.3178498,,,,
"MO","Missouri",2016,1,"1",1,0,"0",.0051779,.0020061,.0012788,.0019668,.047387,.0159935,.2617639,.9331664,1,.17090154,,.05723101,,"1",13.85271,,.853853,.6225004,,,,
"MO","Missouri",2018,1,"1",1,0,"0",,.0017601,.0011605,.0018408,.052859,.0635151,.3467222,.882166,1,,.1351317,,.0339938,"1",7.875763,,.8674462,.5343425,,,,
"MO","Missouri",2020,1,"1",1,0,"0",,.0013544,.0008374,.0016983,.0326262,.0097034,.1959429,.9634578,1,,,.04276893,,"1",19.68327,,.887986,.6573949,-.1008308,1,,
"MO","Missouri",2022,1,"1",1,0,"0",.0000276,.0023639,.000549,.0013089,.0305515,.0259809,.4782849,1,1,,,,.0193617,"1",4.992076,,.8543074,.4485884,,1,,-.069963
"MS","Mississippi",2008,0,"0",,,"",,,,,,,,.7352235,0,.18534994,,.08251782,,"0",11.00348,,.8682269,.610338,,,,
"MS","Mississippi",2010,1,"0",0,0,"0",,,,,,,.1980306,.784887,0,,.1851464,,.0283628,"0",,,.8220344,.3697695,,,,
"MS","Mississippi",2012,1,"0",0,0,"0",,,,,,,,.7214549,0,.20690326,,.06482957,,"0",7.692284,,.9019811,.5971594,,,,
"MS","Mississippi",2014,1,"0",1,0,"0",,.006813,.001453,.0009071,.0919576,.0163934,.4518349,.9352053,0,,.1854997,,.019775,"0",2.43111,,.852437,.2888636,,,,
"MS","Mississippi",2016,1,"1",1,0,"0",.0021845,.0177723,.0044271,.0013073,.0601137,.0089538,.2659979,.9444444,0,.1873583,,.07497387,,"0",8.041148,,.8704088,.5556911,,,,
"MS","Mississippi",2018,1,"1",1,0,"0",.0069734,.0130457,.0033496,.0004764,.0836004,,,.9410489,0,,.1537801,,.0160792,"0",6.65768,,.842239,.4365763,,,,
"MS","Mississippi",2020,1,"1",1,0,"0",.0022493,.0129887,.0044755,.0041697,.0337576,0,.2030827,.999666,0,,,.07629174,,"0",16.86629,,.8920118,.6017393,-.0810219,,,
"MS","Mississippi",2022,1,"1",1,0,"0",.0037795,.0107425,.0026842,.0008905,.0643819,0,.1915709,.8823529,0,,,,.0151235,"0",4.107642,,.8395473,.3289107,,,,-.0729734
"MT","Montana",2008,0,"0",,,"",.0098772,.0075603,.000201,.0039429,.040865,.0671113,.3245223,.9959454,0,.13680297,,.03711556,,"0",6.151454,.0116828,.8020693,.6707515,,,,
"MT","Montana",2010,1,"1",0,1,"0",.0165496,.0074585,.0003432,.0021874,.092261,.037785,.6082828,.9995347,1,,.1188301,,.0328833,"0",,,.7767602,.4841097,,,,
"MT","Montana",2012,1,"1",1,1,"0",.0110177,.0113057,.0005448,.0017339,.0926698,.0099294,.3299346,1,1,.13012452,,.05535465,,"0",16.50092,.0163304,.8272051,.6363162,,,,
"MT","Montana",2014,1,"1",1,1,"0",.033068,.0122061,.00042,.0025011,.1113598,.0126263,.3415179,1,1,,.1006493,,.0333738,"0",2.102134,,.741809,.4726295,,,,
"MT","Montana",2016,1,"1",1,1,"0",.006037,.014732,.0006075,.0021764,.0509393,.0077465,.150231,.9444444,1,.08457123,,.04844387,,"0",3.284164,.0292527,.8223944,.6180488,,,,
"MT","Montana",2018,1,"1",1,1,"0",.0079363,.0200333,.0007431,.0026993,.1692129,.0034317,.1844388,.9998876,1,,.082339,,.0316327,"0",3.773566,,.8218935,.6196992,,,,
"MT","Montana",2020,1,"1",1,1,"0",.0055081,.0013494,.0007547,.0026023,.1484788,.0025623,.1316748,.9995049,1,,,.10110241,,"0",1.291942,.0136911,.887372,.7310122,-.0231221,,,
"MT","Montana",2022,1,"1",1,1,"0",.013254,.0172722,.0010014,.0046912,.2541642,.0122905,.3469537,.8333333,1,,,,.0386464,"0",1.477596,,.8481703,.5360917,,,,-.010213
"NC","North Carolina",2008,1,"1",,,"",.0325179,.012442,.0063319,.0061039,.1448793,.0793941,.3295829,1,1,.16834645,,.07527958,,"0",21.04392,.0100543,.8450992,.6613565,,,,
"NC","North Carolina",2010,1,"1",1,1,"1",.0908122,.0097223,.0039112,.0002759,.1178384,.0837624,.7818627,1,1,,.1424918,,.0315861,"0",,,.7933555,.3979382,,,,
"NC","North Carolina",2012,1,"1",1,1,"1",.042992,.0112764,.0061303,.0004928,.1070831,.0089706,.2089184,1,1,.17357709,,.07726049,,"0",13.54665,.0081709,.8882124,.6516388,,,,
"NC","North Carolina",2014,1,"1",1,1,"1",.0611137,.0064252,.0033574,.0013204,.1906282,.0084998,.281746,1,1,,.1298475,,.0230063,"0",8.753906,,.8304456,.412183,,,,
"NC","North Carolina",2016,1,"1",0,1,"1",.1058033,.0129297,.0071971,.0010364,.1563657,.0131949,.1876719,1,1,.16480404,,.07247513,,"0",14.30434,.0058864,.8798371,.6478925,,,,
"NC","North Carolina",2018,1,"1",1,1,"1",.186792,.0096596,.0047441,.0015748,.242552,.0044485,.1790548,.9999147,1,,.1308446,,.0196207,"0",9.514041,,.856142,.4956807,,,,
"NC","North Carolina",2020,1,"1",1,1,"1",.0933822,.0073541,.0043978,.0013466,.2732043,.0155212,.5456749,1,1,,,.07637051,,"1",15.29686,.0037947,.8719858,.7147585,-.0962125,,,
"NC","North Carolina",2022,1,"1",1,1,"1",.1331001,.0068645,.0037489,.0010457,.263475,.0069831,.1778729,1,1,,,,.0158578,"1",4.547812,,.8347291,.4813833,,,,-.1126695
"ND","North Dakota",2008,1,"NA",,,"",,,,.0012028,.0635516,.0225933,.2337565,1,1,.10326316,,.02251222,,"NA",5.319697,.0161802,,.6362067,,,,
"ND","North Dakota",2010,1,"NA",1,1,"NA",,,,.0007551,.0611391,.0054645,.3383459,1,1,,.075033,,.014875,"NA",,,,.4666774,,,,
"ND","North Dakota",2012,1,".",1,1,".",,,,.0011004,.0546361,.0135849,.1830635,1,1,.10116036,,.02324787,,".",7.457581,.0089915,,.610757,,,,
"ND","North Dakota",2014,1,".",1,1,".",,,,.0023522,.0614769,.0136054,.2017291,1,1,,.0764923,,.0181942,".",3.793256,,,.4498319,,,,
"ND","North Dakota",2016,1,".",1,1,".",,,,.001746,.0496749,.0326667,.1349481,1,1,.1006645,,.02373986,,".",6.714323,.0159597,,.6094538,,,,
"ND","North Dakota",2018,1,".",1,1,".",,0,0,.001679,.0535897,.0307882,,.9166667,1,,.0683013,,.0256528,".",3.305078,,,.5860482,,,,
"ND","North Dakota",2020,1,"NA",1,1,"NA",,0,0,.001344,.1443409,.0110227,.1405263,.9913651,1,,,.02618897,,"NA",7.479169,.0068081,,.6445289,-.0366243,,,
"ND","North Dakota",2022,1,"NA",1,1,"NA",,0,0,.0012285,.0831634,.0550964,.1616628,1,1,,,,.0312536,"NA",9.108715,,,.4291987,,,,-.0029046
"NE","Nebraska",2008,1,"1",,,"",.0046349,.0190667,.0041994,.0022987,.0401351,.0785109,.1882458,1,0,.08956382,,.07084619,,"0",9.290749,.0131072,.8273379,.6369427,,,,
"NE","Nebraska",2010,1,"1",0,0,"1",,.011102,.0020039,.0021191,.081558,.1160991,.6389044,.9742549,0,,.0865468,,.029165,"0",,,.7737828,.3797175,,,,
"NE","Nebraska",2012,1,"1",0,1,"1",.0034177,.0185515,.0039948,.0048334,.1055464,.0459311,.1462063,.9822419,1,.09139717,,.07870281,,"0",5.841214,.0122674,.814917,.6083787,,,,
"NE","Nebraska",2014,1,"1",0,1,"1",.0019134,.011359,.0021218,.0033738,.0792163,.0565217,.3072289,1,1,,.0842369,,.0271517,"0",3.010189,,.7757987,.4149522,,,,
"NE","Nebraska",2016,1,"1",1,1,"1",.0017888,.0186384,.0044377,.0030984,.0393038,.0468904,.1850362,1,1,.10420382,,.06693326,,"1",5.621894,.0189943,.8556443,.6253982,,,,
"NE","Nebraska",2018,1,"1",1,1,"1",.00271,.0151991,.0032895,.0021328,.0932311,.0465718,.1714898,.9963686,1,,.094191,,.0210425,"1",3.748601,,.8008748,.5179651,,,,
"NE","Nebraska",2020,1,"1",1,1,"1",.0021572,.0135428,.0032013,.0017057,.0417381,.0060537,.1124916,.9992698,1,,,.04026088,,"1",5.355275,.0108975,.8715559,.6988683,-.0565189,,,
"NE","Nebraska",2022,1,"1",1,1,"1",.0019194,.0106893,.0018616,.001513,.0974544,.0253623,.2023121,1,1,,,,.0139061,"1",2.461841,,.8483293,.4872029,,,,-.0633409
"NH","New Hampshire",2008,0,"0",,,"",,,,.001764,.0474093,.0436164,.1798152,.6875,0,.1706019,,.02197219,,"0",7.460956,.0119488,.8431196,.7252814,,,,
"NH","New Hampshire",2010,1,"1",0,1,"NA",,,,.0014564,.0530247,.0428456,.4724947,.8125,0,,.1123418,,.0149181,"0",,,.7756665,.4619778,,,,
"NH","New Hampshire",2012,1,"1",0,1,".",.0000173,,,.0024141,.0472792,.0733716,.1266404,1,0,.15795779,,.02003147,,"0",10.68225,.0109887,.8415838,.7089582,,,,
"NH","New Hampshire",2014,1,"1",0,1,".",0,,,.0015757,.048777,.077574,.2033708,1,0,,.1003753,,.0167323,"0",5.17061,,.7832226,.48363,,,,
"NH","New Hampshire",2016,1,"1",1,1,".",0,,,.0020629,.0349846,.0493827,.1219512,1,0,.15510112,,.01556213,,"0",5.181927,.0152861,.8683236,.7142257,,,,
"NH","New Hampshire",2018,1,"1",1,1,".",0,0,0,.0020617,.0473191,.0647583,.1649687,1,0,,.1046127,,.0135349,"0",4.280653,,.8468997,.546473,,,,
"NH","New Hampshire",2020,1,"1",1,1,"NA",0,0,0,.0024592,.0285143,.0252884,.1169574,.999616,0,,,.0052915,,"0",9.616203,.0117017,.8728907,.7545612,-.1236659,,,
"NH","New Hampshire",2022,1,"1",1,1,"NA",0,0,0,.0018503,.0397126,.0676356,.1709917,1,0,,,,.0109064,"0",4.179895,,.8256624,.5630972,,,,-.1562978
"NJ","New Jersey",2008,1,"1",,,"",.0453738,.0182946,.0046115,.0016587,.4337221,.0294278,.3158344,.8954756,,.19134796,,.06595119,,"0",7.351229,.0183422,.8546985,.6769154,,,,
"NJ","New Jersey",2010,1,"1",0,0,"0",.0836036,.0080461,.0015351,.0015383,.2192469,.0453461,.749744,1,0,,.1155499,,.0285609,"0",,,.8194681,.3778218,,,,
"NJ","New Jersey",2012,1,"1",0,0,"0",.0860244,.0265077,.0035571,.0017768,.1560629,.0144084,.2898931,1,0,.1966214,,.05321155,,"0",4.718296,.0101081,.8654117,.6261523,,,,
"NJ","New Jersey",2014,1,"1",0,1,"1",.1137122,.0083984,.0015024,.0028447,.3011903,.0280749,.50299,1,0,,.1095995,,.02505,"0",1.983866,,.8119155,.3254077,,,,
"NJ","New Jersey",2016,1,"1",0,0,"0",.0107858,.014174,.0026756,.0025161,.1363473,.0107421,.18986,1,0,.16536908,,.04990722,,".5",6.749684,.0127814,.8678229,.641102,,,,
"NJ","New Jersey",2018,1,"1",1,1,"1",.019051,.0249298,.0031161,.0035997,.2784218,.0497097,.237199,1,0,,.1280748,,.0268358,"0",4.386786,,.8601954,.5313149,,,,
"NJ","New Jersey",2020,1,"1",1,1,"1",.0316206,.0684777,.0030903,.0110825,,.0069042,.5648206,1,1,,,.04334399,,"1",1.591399,.0186022,.9309847,.7526523,-.1287375,,,
"NJ","New Jersey",2022,1,"1",1,1,"1",.0567317,.0280202,.002337,.00222,.711709,.0175641,.5856158,1,1,,,,.0222153,"1",5.469499,,.8733197,.4145918,,1,,-.105544
"NM","New Mexico",2008,1,"1",,,"",,.0085491,,.0016928,,.0201342,.2546192,.81182,,.16679956,,.06040423,,"0",12.25702,.0038483,.8082556,.6115862,,,,
"NM","New Mexico",2010,1,"1",0,0,"1",,.0095654,.0019381,,0,.0182421,.0130293,.8955516,1,,.1634693,,.037951,"0",,,.7471498,.4307647,,,,
"NM","New Mexico",2012,1,"1",1,0,"1",,.0096773,.0032017,.0021323,.0623519,.0296384,.3298872,.9605955,1,.1630815,,.06005833,,"0",4.220051,.0035041,.8249483,.5491034,,,,
"NM","New Mexico",2014,1,"1",0,0,"0",,.0045029,.0015324,.0006048,.1755857,.0361174,.3530326,.9275535,1,,.1341615,,.0259376,"0",5.44156,,.7409923,.356866,,,,
"NM","New Mexico",2016,1,"1",1,0,"1",,.0070835,.0039325,,.1185405,,.2006665,.9304778,1,.1428771,,.06389387,,"1",5.606374,.0071561,.7552711,.5480888,,,,
"NM","New Mexico",2018,1,"1",1,1,"1",.0131483,.0058689,.0022386,.000344,.1200613,.0356696,.1472785,.9989402,1,,.1049268,,.0193683,"1",3.595031,,.7488616,.4733722,,,,
"NM","New Mexico",2020,1,"1",1,1,"1",.0102682,.0028443,.0021335,.0183174,.0900607,.0112842,0,.9999451,1,,,.04921372,,"1",22.44533,.0045948,.8108391,.6125495,-.0133596,1,,
"NM","New Mexico",2022,1,"1",1,1,"1",.0090198,.0008146,.0001635,.0010034,.1095978,0,.253116,1,1,,,,.0146457,"1",3.774454,,.8034706,.4665115,,1,,-.041838
"NV","Nevada",2008,1,"1",,,"",.0612805,.0068071,.0039401,.0056215,.0880472,.1285561,.3744487,.996626,1,.09896084,,.09457508,,"0",12.10235,.0022381,.7760054,.571665,,,,
"NV","Nevada",2010,1,"1",0,1,"0",.0043834,.0041489,.001922,.0013234,.14117,.1239316,.2691589,.9874724,1,,.1019619,,.0337136,"0",,,.7127964,.4124534,,,,
"NV","Nevada",2012,1,"1",0,1,"0",.0390697,.0081836,.0047761,.0011397,.1497916,.0433715,.1792526,1,1,.12433895,,.08226512,,"1",8.453208,.0017174,.7899016,.5723161,,,,
"NV","Nevada",2014,1,"1",1,1,"0",.0942204,.000771,.0003674,.0020107,.1558947,.0664712,.4508639,1,1,,.089833,,.0266197,"1",2.886995,,.6852967,.2900864,,,,
"NV","Nevada",2016,1,"1",1,1,"1",.1201519,.0060763,.0040169,.001043,.1559472,.0131785,.1365393,1,1,.12049805,,.04818666,,"1",10.02795,.0018201,.8043569,.5729783,,,,
"NV","Nevada",2018,1,"1",1,1,"1",.1137208,.0021104,.001963,.0018145,.1654658,.0143149,.1280832,1,1,,.0792419,,.0163637,"1",12.90956,,.7745912,.4754764,,,,
"NV","Nevada",2020,1,"1",1,1,"1",.0905393,.0494821,.0023441,.0039993,,.0046845,.179887,.9999843,1,,,.02831179,,"1",15.40964,.0016942,.842061,.6535792,-.025666,1,,
"NV","Nevada",2022,1,"1",1,1,"1",.0998474,.0088316,.0011284,.0101343,0,.0156886,.4437621,1,1,,,,.0137231,"1",8.521051,,.8299187,.4626691,,1,,0
"NY","New York",2008,1,"1",,,"",,,,,,,,0,1,.17072251,,.06192229,,"0",8.54381,.0108864,.8393219,.5963191,,,,
"NY","New York",2010,1,"1",0,0,"0",,,,,,.253367,.6026018,.6675814,1,,.1441207,,.0256226,"0",,,.7845532,.3627876,,,,
"NY","New York",2012,1,"1",0,0,"0",,.068903,.0181273,,,.1731335,.3083219,.8380723,1,.16882285,,.05321604,,"1",9.53844,.0077084,.825425,.5360214,,,,
"NY","New York",2014,1,"1",0,0,"0",.1340325,.0133282,.0055675,.0030428,.2509478,.0809874,.6618779,.9062535,1,,.1385575,,.0241161,"1",4.624884,,.764596,.2897781,,,,
"NY","New York",2016,1,"1",0,0,"0",.063343,.0347652,.0154981,.002932,.1884263,.0822269,,.9365531,1,.14650241,,.04676875,,"1",8.627875,.0102782,.8305492,.5681194,,,,
"NY","New York",2018,1,"1",0,0,"0",.1309017,.0198084,.0082212,.0053635,.2725475,.1524381,.582826,1,1,,.1428077,,.0325221,"1",6.440816,,.8358262,.4524342,,,,
"NY","New York",2020,1,"1",1,1,"0",.0824381,.0176108,.0076876,.0076704,.2254477,,,.9361093,1,,,.04303796,,"1",16.78465,.0057624,.8660583,.6356811,-.1320648,,,
"NY","New York",2022,1,"1",1,1,"0",.1324405,.016968,.0047088,.00123,.2671331,.0352562,.7053803,.9994895,1,,,,.0213042,"1",8.454268,,.8567227,.4346308,,,,-.0933869
"OH","Ohio",2008,1,"0",,,"",,.0355628,.0068449,.0046072,.0506325,.0490007,.1851302,.974529,0,.15677163,,.08091176,,"0",15.59497,.0130494,.8442057,.6781785,,,,
"OH","Ohio",2010,1,"1",0,0,"0",.0231766,.0267432,.0029985,.0035691,.083099,.0555845,.6184102,.9905872,1,,.1228187,,.047225,"0",,,.7908869,.4621417,,,,
"OH","Ohio",2012,1,"1",0,0,"0",.0696685,.0369445,.0060936,.0022813,.0641368,.0228531,.2056003,.9921069,1,.13769524,,.08025426,,"0",11.00186,.0091614,.8496608,.6515269,,,,
"OH","Ohio",2014,1,"1",0,0,"0",.0534849,.0156393,.0015029,.0033481,.1297322,.0215274,.3439946,.9951113,1,,.1119415,,.030392,".5",2.391106,,.772956,.3620476,,,,
"OH","Ohio",2016,1,"1",1,1,"0",.0566396,.0276346,.0040976,.001817,.0621985,.014607,.1940907,1,1,.12379792,,.05618551,,".5",6.320169,.0126781,.8158428,.6290922,,,,
"OH","Ohio",2018,1,"1",1,1,"0",.0624294,.0223329,.0026722,.0025355,.0862053,.0208472,.2152756,.99524,1,,.1094199,,.0317005,"1",4.362144,,.8066664,.5087193,,,,
"OH","Ohio",2020,1,"1",1,1,"0",.1090674,.0258908,.0040791,.0014904,.0733273,.0098607,.1608655,1,1,,,.04337033,,"1",14.11412,.0086933,.8778098,.6743434,-.1125292,1,,
"OH","Ohio",2022,1,"1",1,1,"0",.0956917,.0208668,.0020331,.0006212,.0822875,.0159684,.2553162,.9998451,1,,,,.0132313,"1",4.141912,,.7968275,.4740949,,1,,-.0959804
"OK","Oklahoma",2008,1,"0",,,"",,.0019102,.0015922,.0013616,.1699076,.0595024,.2772467,.9444444,0,.18444355,,.0941416,,"0",22.38293,,.8108133,.5630492,,,,
"OK","Oklahoma",2010,1,"0",0,0,"0",,.0006708,.0005587,.0011586,.0809733,.0831586,.7196204,.9423813,0,,.1554832,,.0521504,"0",,,.7027043,.3869609,,,,
"OK","Oklahoma",2012,1,"0",0,0,"0",,.0039549,.0026716,.0014181,.1564268,.0545769,.3106389,.9444444,0,.1740918,,.09773163,,"0",15.88929,.0063333,.7696237,.4915721,,,,
"OK","Oklahoma",2014,1,"1",1,1,"1",.0760449,.0019464,.000946,.0008672,.2583625,.0522293,.8284153,1,0,,.1344552,,.0345127,"0",4.016234,,.7403718,.2977914,,,,
"OK","Oklahoma",2016,1,"1",1,1,"0",.067791,.0050317,.0036977,.0020232,.170587,.0521507,.3447722,1,0,.15385503,,.07825445,,"0",16.23908,,.7826113,.5237951,,,,
"OK","Oklahoma",2018,1,"1",1,1,"1",.0628204,.0027663,.0017664,.002613,.2624474,.0343398,.6977451,.9998575,0,,.1426,,.0203463,".5",7.196114,,.7606827,.4252453,,,,
"OK","Oklahoma",2020,1,"1",1,1,"1",.0490294,.0044355,.0031664,.003252,.1871561,.0237608,.2684471,1,1,,,.07597002,,"0.5",32.32232,,.7905086,.5499265,-.063543,,,
"OK","Oklahoma",2022,1,"1",1,1,"1",.0297821,.0023222,.0013458,.0010917,.2443398,.036783,.7719972,1,1,,,,.0147307,"0.5",7.507546,,.7874163,.4011476,,,,-.0356151
"OR","Oregon",2008,0,"1",,,"",,.0017071,,.0069996,.1366947,,,.6541629,1,.09805038,,.13361974,,"0",,.0094226,.8504665,.6833435,,,,
"OR","Oregon",2010,1,"1",0,1,"0",,.0008647,.0000598,.0086861,.2798688,.0768751,.6532674,.9049812,1,,.0467481,,.0941552,"1",,,.8419214,.5389887,,,,
"OR","Oregon",2012,1,"1",1,1,"0",,.0009728,.0000412,.0073375,.1704226,.0207677,.3434479,.9388529,1,.11949157,,.13784543,,"1",,.0171584,.8586776,.6434369,,,,
"OR","Oregon",2014,1,"1",1,1,"0",,.0000457,6.53e-07,.0066879,.2882461,.0176688,.7394936,.9444444,1,,.0633121,,.0905469,"1",.4556343,,.8415758,.5349874,,,,
"OR","Oregon",2016,1,"1",1,1,"0",,.0000663,.0000317,.0085666,,.019071,.2342014,.9444444,1,.0895839,,.13933808,,"1",.4887287,.0244276,.8863636,.6643434,,,,
"OR","Oregon",2018,1,"1",1,1,"0",,.0000272,1.57e-06,,,.0218968,.5174718,.8823529,1,,.0767555,,.0623466,"1",.4557241,,.8851882,.6151023,,,,
"OR","Oregon",2020,1,"1",1,1,"0",,.000043,.0000242,.0073231,,.0129545,.1819603,.9411765,1,,,.11707,,"1",.7708833,.0163922,.9130366,.7551843,-.0861785,1,,
"OR","Oregon",2022,1,"1",1,1,"0",,.0000869,.0000223,.0146491,0,.0189601,.5717537,.9411765,1,,,,.0446612,"1",1.106804,,.9154984,.6242298,,1,,-.0873875
"PA","Pennsylvania",2008,1,"0",,,"",.3685709,.0054186,.0023927,.00032,.1132009,.0066625,.2062861,.9444652,1,.16668096,,.05822749,,"0",14.49461,.0153798,.8138801,.6419321,,,,
"PA","Pennsylvania",2010,1,"1",0,0,"1",.5545776,.0023761,.0009188,.0005849,.1080918,.0185846,.6473984,1,1,,.1322786,,.0312362,"0",,,.763362,.417215,,,,
"PA","Pennsylvania",2012,1,"1",0,0,"1",.0276397,.0084722,.0035026,.000319,.1211398,.0188189,.3073439,1,1,.15651499,,.03901308,,"0",9.092713,,.8098683,.5935306,,,,
"PA","Pennsylvania",2014,1,"1",0,0,"1",.0461649,.0023563,.000814,.0006715,.0988652,.0197119,.6358365,1,1,,.1305747,,.0269794,"0",1.464287,,.7657499,.3603182,,,,
"PA","Pennsylvania",2016,1,"1",0,0,"1",.09419,.0042504,.0015092,.0004072,.0889247,.0272731,.2450305,1,1,.1544196,,.03976578,,"1",11.49782,,.8205137,.6355086,,,,
"PA","Pennsylvania",2018,1,"1",0,1,"1",.4125633,.003247,.0013777,.0017229,.0952187,.1129127,.7365437,.9999772,1,,.1334211,,.0293026,"1",5.384352,,.8199865,.5144293,,,,
"PA","Pennsylvania",2020,1,"1",0,1,"1",.2534866,.0184996,.0031239,.0048998,.1497312,.0505714,.2019424,.9988749,1,,,.03743636,,"1",16.63484,,.8812539,.7113646,-.0969753,1,,
"PA","Pennsylvania",2022,1,"1",0,1,"1",.4455475,.009456,.0020597,.004324,.1222943,.041231,.2718464,.9996425,1,,,,.0217691,"1",2.966807,,.8370945,.5468168,,1,,-.07394
"RI","Rhode Island",2008,1,"1",,,"",,.0015829,.0006363,.000181,.0280802,,.2053333,.5,0,.23239689,,.08160677,,"0",5.235795,.0077025,.8417301,.6226074,,,,
"RI","Rhode Island",2010,1,"1",1,1,"1",,.0026504,.0010567,.0003811,.1081912,0,.3588111,.9439893,0,,.181577,,.0446741,"0",,,.8048062,.4489661,,,,
"RI","Rhode Island",2012,1,"1",1,1,"1",,.0052193,.0028233,.0007219,.0988747,.0017271,.3321799,.9455113,0,.21198045,,.06445334,,"0",11.67514,.0088438,.8356545,.5801999,,,,
"RI","Rhode Island",2014,1,"1",1,1,"1",,.0062514,.0030362,.0013649,.1238387,0,.2692308,.9444444,0,,.1338521,,.0386624,"0",2.535523,,.7921281,.4223694,,,,
"RI","Rhode Island",2016,1,"1",1,1,"1",,.00844,.0040805,.0022575,.069342,0,.1950399,.9444444,0,.18508898,,.04371075,,"1",8.298128,.0116132,.8585309,.5904894,,,,
"RI","Rhode Island",2018,1,"1",1,1,"1",,.0100344,.0048438,.0019915,.1415538,,,.7647059,1,,.1260464,,.026352,"1",4.73054,,.8513975,.4805119,,,,
"RI","Rhode Island",2020,1,"1",1,1,"1",.0023418,.008612,.0038843,.0002176,,.0084187,.122108,.9998977,1,,,.04429641,,"1",8.333558,.0065773,.8739142,.6534024,-.1122543,1,1,
"RI","Rhode Island",2022,1,"1",1,1,"1",.0011575,.0065961,.0036205,.0008138,.0148715,.0888889,.2075472,1,1,,,,.0160518,"1",2.62011,,.8602327,.4387001,,1,1,-.0685404
"SC","South Carolina",2008,0,"1",,,"",,.0049406,.002585,.000559,.0257519,.0308621,.26298,.8796172,0,.2167241,,.07513268,,"0",61.50213,.0105646,.8066244,.5820379,,,,
"SC","South Carolina",2010,1,"1",0,1,"1",,,,.000474,.0332898,.0203602,.2731929,.889398,0,,.1761461,,.0595402,"0",,,.7775461,.4033647,,,,
"SC","South Carolina",2012,1,"1",0,1,"1",,,,.000328,.0317492,,.2233468,.8180441,0,.21609727,,.0607966,,"1",25.17696,.0087801,.8249078,.5708927,,,,
"SC","South Carolina",2014,1,"1",1,1,"1",,.0038158,.0015805,.0004225,.0373182,.0072569,.3211823,.9444444,1,,.1575059,,.0283965,"1",8.403874,,.7948049,.3521205,,,,
"SC","South Carolina",2016,1,"1",1,1,"1",,.004753,.0022753,.001368,.0217735,.0061207,.2037596,.8888889,1,.1745697,,.04918834,,"1",18.83706,.0096803,.8330215,.5673478,,,,
"SC","South Carolina",2018,1,"1",1,1,"1",,.0031839,.0012893,.0012922,.0929975,.0045784,.2136214,.9407653,1,,.1509566,,.0239194,"1",15.1104,,.8084871,.4520575,,,,
"SC","South Carolina",2020,1,"1",1,1,"1",,.0041563,.0020001,.0017941,.0390175,.0043971,.1284792,.9411765,1,,,.06155693,,"1",34.12815,.0077698,.874097,.6451384,-.1017129,1,,
"SC","South Carolina",2022,1,"1",1,1,"1",,.003137,.0012837,.0010579,.0725509,.0040181,.1549236,.9411765,1,,,,.0163239,"1",9.231477,,.8331146,.4337693,,1,,-.0815446
"SD","South Dakota",2008,1,"1",,,"",,.000839,,,.0247254,,.1427321,.8119472,0,.07955895,,.07778592,,"0",3.912501,.0141283,.8361611,.6558928,,,,
"SD","South Dakota",2010,1,"1",1,1,"0",.0034499,.0002268,.0002106,.00062,,,.2581081,.9694064,0,,.0973362,,.0471965,"0",,,.811803,.538636,,,,
"SD","South Dakota",2012,1,"1",1,1,"0",,.0011957,.00093,.0004013,.0215005,.056005,.2179742,.9725954,0,.09250011,,.08560098,,"0",4.274655,.0129012,.8313653,.6014437,,,,
"SD","South Dakota",2014,1,"1",1,1,"0",.0006311,.001733,.0011742,.0006119,.0221396,.035533,.2959002,1,0,,.0891181,,.040248,"0",1.934741,,.7525272,.44947,,,,
"SD","South Dakota",2016,1,"1",1,1,"0",.0003893,.0010161,,.0009652,.0079744,.0346166,.3014336,.9848165,0,.09996125,,.06240718,,"0",4.749842,.0234884,.8417823,.5846753,,,,
"SD","South Dakota",2018,1,"1",1,1,"0",.0003374,.0008189,.0006569,.0009102,.0257209,.0183486,.1229885,.9991283,0,,.1000544,,.0476965,"0",3.181791,,.8008971,.5325405,,,,
"SD","South Dakota",2020,1,"1",1,1,"0",.0002799,.0008025,.0006785,.001846,.0688378,.0398823,.0316556,.9983186,0,,,.0655733,,"0",5.230396,.011508,.8400438,.6596611,-.0929275,,,
"SD","South Dakota",2022,1,"1",1,1,"0",.0004971,.000485,.0003271,.0010039,.0208698,.0515192,.2314721,.9978711,0,,,,.0258795,"0",4.315118,,.8252544,.5424466,,,,-.0662673
"TN","Tennessee",2008,1,"1",,,"",,.0016775,.001058,.0009786,,.0537774,.174034,.8842599,0,.17391336,,.10324624,,"0",19.43365,.0065219,.8022472,.5737734,,,,
"TN","Tennessee",2010,1,"1",0,0,"0",,.0003967,.0002561,.0001135,.066015,.0387472,.2934063,.9799823,1,,.1629366,,.0495555,"0",,,.7630033,.3465278,,,,
"TN","Tennessee",2012,1,"1",0,0,"0",,.0028583,.0022039,.0002476,.0736923,.0590969,.2213037,.9898868,1,.16834518,,.06841523,,"0",13.6949,.0087111,.7862397,.5261003,,,,
"TN","Tennessee",2014,1,"1",1,0,"0",.1000298,.0010258,.0005944,.0000856,.1024608,.0365127,.3652381,.9955469,1,,.1419044,,.0389349,"0",6.582538,,.7431226,.2856352,,,,
"TN","Tennessee",2016,1,"1",1,0,"0",.0732938,.004592,.0033065,.000233,.0923587,.0419968,.2111828,1,1,.14362681,,.07830131,,"0",10.07612,.0146326,.7851641,.5119066,,,,
"TN","Tennessee",2018,1,"1",1,1,"0",.1341886,.0034727,.0023101,.0003771,.0883589,.0507086,.2293515,.9982665,1,,.1520871,,.0336428,"1",9.024212,,.7474205,.4506859,,,,
"TN","Tennessee",2020,1,"1",1,1,"0",.1039599,.0044938,.0024702,.0006797,.0505684,.0295619,.169744,1,1,,,.07190922,,"1",18.96737,.0067779,.8345628,.5980643,-.1589385,,,
"TN","Tennessee",2022,1,"1",1,1,"0",.0742662,.0016255,.0010738,.0004099,.0794117,.0670203,.2877747,1,1,,,,.0267415,"1",10.89819,,.7988766,.3134012,,,,-.1389188
"TX","Texas",2008,0,"1",,,"",.2131805,.0051113,.003938,.0019582,.087005,.0644787,.3066428,.9739842,1,.13463944,,.06953745,,"0",12.03378,,.7947317,.5410514,,,,
"TX","Texas",2010,1,"1",0,0,"0",.0697521,.0027964,.0021549,.0006091,.0833179,.0418422,.7475765,.9999651,1,,.1088155,,.0297358,"0",,,.74959,.3216554,,,,
"TX","Texas",2012,1,"1",0,0,"0",.0260142,.0063533,.005223,.0005616,.0634162,.0429503,.4736454,.9450474,1,.12941456,,.06497302,,"0",12.43597,,.7708747,.4965065,,,,
"TX","Texas",2014,1,"1",0,0,"0",.0553075,.0045092,.0033226,.0011104,.1402608,.0825986,.4637988,.9749324,1,,.0974357,,.0286469,"0",7.244992,,.7280378,.2834161,,,,
"TX","Texas",2016,1,"1",0,0,"0",.0542601,.0077392,.0063038,.0009606,.1022708,.0261367,.294544,.9553872,1,.1183734,,.05324501,,".5",10.97925,,.8034688,.5155825,,,,
"TX","Texas",2018,1,"1",1,1,"0",.0611648,.0064964,.004892,.001132,.13951,.0718355,.3457153,.9751279,1,,.0943561,,.0269235,".5",10.88633,,.7758031,.4634201,,,,
"TX","Texas",2020,1,"1",1,1,"0",.0238549,.0087879,.005103,.0007559,.182268,.0230171,.292372,.9862751,1,,,.04208418,,"1",13.70566,,.8275719,.6042286,-.0633737,1,,
"TX","Texas",2022,1,"1",1,1,"0",.0314204,.0050583,.0030574,.0015426,.1679343,.0391516,.3517446,.9896036,1,,,,.0195161,"1",9.45977,,.7935982,.4250487,,1,,-.0433869
"UT","Utah",2008,1,"0",,,"",,.0452866,.0071467,.0017521,.2500228,.0422491,.3119984,.973514,1,.14134705,,.09332602,,"0",13.73014,.0193732,.7581635,.5711892,,,,
"UT","Utah",2010,1,"1",1,1,"1",.0223256,.0298252,.0046305,.001742,.307522,.0218712,.7217687,1,1,,.1208855,,.0326639,"1",,,.739888,.3671213,,,,
"UT","Utah",2012,1,"1",1,1,"1",.0332757,.0522787,.0099684,.0019559,.225745,.0157807,.2831068,.9444444,1,.1552075,,.10198568,,"1",10.31847,.0110285,.7678974,.5604429,,,,
"UT","Utah",2014,1,"1",1,1,"1",,,,,,,,,1,,.1106737,,.0266537,"1",5.049106,,.6988709,.3022995,,,,
"UT","Utah",2016,1,"1",1,1,"1",.0570703,.0308281,.0036597,.0062823,.2910533,.0417854,.4476218,.9997488,1,.12134106,,.08183046,,"1",8.67596,.0076087,.8134146,.5668525,,,,
"UT","Utah",2018,1,"1",1,1,"1",.219197,.0481106,.0019122,.0085455,,.0130776,.5952717,.99897,1,,.0744368,,.0303814,"1",7.135953,,.7744952,.5200223,,,,
"UT","Utah",2020,1,"1",1,1,"1",.2576521,.021702,.0011825,.0066748,,.0039611,.3770749,.9999542,1,,,.1069812,,"1",3.460114,.0181786,.8301772,.691697,-.0545428,1,,
"UT","Utah",2022,1,"1",1,1,"1",,.0111677,.0006804,.0139818,0,.0116279,.5408232,.8768422,1,,,,.0214615,"1",2.499244,,.8125212,.4692689,,1,,-.0339764
"VA","Virginia",2008,1,"1",,,"",.0522084,.0024944,.0017968,.0017925,.0731891,.0777565,.2994109,.9978397,0,.17687869,,.10059811,,"0",28.68236,.0078868,.8730558,.6755677,,,,
"VA","Virginia",2010,1,"1",1,1,"1",.0817944,.0012978,.0009402,.0002809,.0370096,.0793238,.17717,.9456893,0,,.1289763,,.0437593,"0",,,.8318228,.3916428,,,,
"VA","Virginia",2012,1,"1",1,1,"1",.024471,.0033006,.0020776,.0005846,.0399651,.017418,.1692877,.997191,0,.1964353,,.07693179,,"0",23.64561,.0108696,.8612301,.669365,,,,
"VA","Virginia",2014,1,"1",1,1,"1",.080046,.0012254,.0007632,.000265,.0437613,.0793238,.1749254,1,1,,.1256089,,.0392442,"1",2.697712,,.8356054,.3664995,,,,
"VA","Virginia",2016,1,"1",1,1,"0",.0853247,.003278,.0023937,.0007877,.0551317,.0642457,.2048427,.9444444,1,.1685483,,.06501286,,"1",10.4329,.0122884,.8652531,.6611013,,,,
"VA","Virginia",2018,1,"1",1,1,"0",.1613905,,,.0006189,.0522414,.0971768,.2751303,.9624531,1,,.1170178,,.0264758,"1",5.906732,,.8744129,.5477038,,,,
"VA","Virginia",2020,1,"1",1,1,"0",.0952033,.0035266,.000078,.0014019,.0994123,.035255,.1952609,1,1,,,.10473862,,"1",13.31121,.0058609,.9025339,.7300016,-.1134558,1,1,
"VA","Virginia",2022,1,"1",1,1,"0",.1080292,.0116855,.0006999,.0008615,.1901575,.0081803,.3936124,1,1,,,,.0160165,"1",2.479541,,.8937088,.4806637,,1,1,-.0813671
"VT","Vermont",2008,0,"0",,,"",.0022088,.0001018,8.99e-06,.0037844,.0310253,.0598608,.1551453,.995383,0,.13854671,,.04103221,,"0",2.480046,.0068897,.8342508,.6771029,,,,
"VT","Vermont",2010,0,"0",0,0,"0",,.0000511,.000017,.0024534,.0352284,,.3817701,.907802,0,,.1157122,,.0308131,"0",,,.830813,.499425,,,,
"VT","Vermont",2012,0,"0",0,0,"0",,.0000652,,,.0434572,.0180965,.2125,.927192,0,.09656254,,.04790612,,"0",1.959669,.0082938,.8266858,.6086181,,,,
"VT","Vermont",2014,1,"0",0,0,"0",.0189544,.0000593,.0000198,.0015744,.0334805,.0176391,,.9763107,1,,.0986467,,.031307,"0",1.582367,,.7679332,.388202,,,,
"VT","Vermont",2016,1,"1",1,1,"0",.0098526,.0000343,9.36e-06,.001657,.0418637,.0588772,.0408976,1,1,.07328805,,.04464466,,"1",1.914458,.0168504,.8668774,.6366542,,,,
"VT","Vermont",2018,1,"1",1,1,"1",.0266878,0,0,.0026864,.0598227,.092296,.1117886,.8852732,1,,.120302,,.0155267,"1",.7053236,,.8497759,.5589754,,,,
"VT","Vermont",2020,1,"1",1,1,"1",.0225836,0,0,.0039778,,.0108972,0,.9981851,1,,,.02779969,,"1",2.268175,.0095426,.8973627,.7421082,-.1114098,1,,
"VT","Vermont",2022,1,"1",1,1,"1",.0318239,0,0,.0008627,0,.0165746,.3946488,.8806971,1,,,,.0115755,"1",1.343834,,.8816746,.5587848,,1,,-.1298835
"WA","Washington",2008,0,"1",,,"",,.0175958,.0037593,.0081961,.134653,.0115889,.2820906,.8869602,1,.06415436,,.10604227,,"1",,.0113,.8419077,.6734219,,,,
"WA","Washington",2010,1,"1",1,0,"0",,.0023624,.0005882,.0133568,.2743367,.0130172,.6048741,.965042,1,,.0575594,,.1018375,"1",,,.8272324,.5432788,,,,
"WA","Washington",2012,1,"1",1,0,"0",.0116896,.0021307,.0009512,.0093492,.1806237,.0110057,.3665684,1,1,.03453196,,.11444009,,"1",,.0149461,.8401185,.6504631,,,,
"WA","Washington",2014,1,"1",1,1,"0",.0085715,.0005595,.000079,.0126027,.451114,.0140068,.7242826,1,1,,.048343,,.0961545,"1",.406409,,.8169056,.4311258,,,,
"WA","Washington",2016,1,"1",1,1,"0",,.0018371,.0004915,.0090122,,.0215077,.4261517,.9916472,1,.03416906,,.08854693,,"1",1.473638,.0138085,.8716176,.6476299,,,,
"WA","Washington",2018,1,"1",1,1,"0",.0042041,.0005796,.0002694,.0103167,,.0150698,.5635533,1,1,,.0606328,,.0759429,"1",2.604187,,.8551809,.5894154,,,,
"WA","Washington",2020,1,"1",1,1,"1",.0010715,.0000394,.0000243,.0076328,,.0104902,.5204523,1,1,,,.04704182,,"1",.4811998,.007108,.8939261,.757082,-.0616696,1,,
"WA","Washington",2022,1,"1",1,1,"0",.0003999,.000015,8.80e-06,.0120948,0,.020129,.7501957,1,1,,,,.033765,"1",2.248974,,.8785833,.5591179,,1,,-.0347242
"WI","Wisconsin",2008,1,"1",,,"",,.0000704,.000039,.000914,.0532762,.0392338,.3104991,.8815994,1,.17287897,,.00817329,,"0",7.936197,.0044887,.8691568,.7273256,,,,
"WI","Wisconsin",2010,1,"1",1,1,"1",,.0000293,.0000151,.0013226,.0581792,.1207883,.641403,.8888889,1,,.1109217,,.0163047,"0",,,.8110377,.5206403,,,,
"WI","Wisconsin",2012,1,"1",1,1,"1",.001222,.0000446,.000025,.0013365,.0669222,.0706578,.3358462,.9990603,1,.22164091,,.01235712,,"0",8.215319,.0029845,.8777779,.7247142,,,,
"WI","Wisconsin",2014,1,"1",1,1,"1",.0017995,.0000223,.0000153,.0006151,.0236232,.0547718,.3756098,1,1,,.1207526,,.0161529,"0",2.691705,,.8183228,.5651133,,,,
"WI","Wisconsin",2016,1,"1",1,1,"1",,.0002513,.0002005,.0000949,.1187188,.0070181,.3148288,.9444444,1,.15927273,,.018562,,"1",6.107525,.0092744,.8416695,.694013,,,,
"WI","Wisconsin",2018,1,"1",1,1,"1",,.0001733,.0001168,.0009567,.121292,.091161,.3235239,.937614,1,,.1197291,,.0096703,"1",6.090339,,.8288305,.6167786,,,,
"WI","Wisconsin",2020,1,"1",1,1,"1",,.0001182,.0000719,.0009011,.0948402,.0374902,.2032083,.9424347,1,,,.02066197,,"1",6.83737,.0034535,.8763674,.7576919,-.1051929,1,,
"WI","Wisconsin",2022,1,"1",1,1,"1",,.0001904,.0001238,.0014911,.0983315,.0891089,.2597035,.9444444,1,,,,.0032918,"1",6.944911,,.833257,.6010051,,1,,-.1063228
"WV","West Virginia",2008,1,"1",,,"",,,,,,,,.7684922,1,.22706275,,.04861556,,"0",15.01558,.0316884,.7814252,.511515,,,,
"WV","West Virginia",2010,1,"1",0,0,"0",.004614,,.0019609,.0011364,.5156485,,.3326752,.813571,1,,.1675862,,.0328348,"0",,,.7490252,.3670486,,,,
"WV","West Virginia",2012,1,"1",0,1,"1",,,,,,.0017847,.2078228,.9601688,1,.22853476,,.04861714,,"0",9.792584,.0213969,.7887503,.4632806,,,,
"WV","West Virginia",2014,1,"1",0,1,"1",.0049425,.0068767,.0020006,.000108,.093262,.0251572,.3291139,1,1,,.1780774,,.0348437,"0",3.771747,,.7566219,.3116668,,,,
"WV","West Virginia",2016,1,"1",1,1,"1",.0018604,.0045022,.0011019,.0004656,.087421,.0092065,.2346984,.9995461,1,.21788637,,.05175994,,"1",7.294493,.015196,.7749061,.5010111,,,,
"WV","West Virginia",2018,1,"1",1,1,"1",.003759,.0083832,.0035759,.0001757,.1426677,.0097222,.1438763,.9966361,1,,.1642776,,.0307472,"1",6.583784,,.7783936,.4249378,,,,
"WV","West Virginia",2020,1,"1",1,1,"1",.0019711,.0093281,.0040541,.0003168,.0516438,.0023073,.1498627,.9995165,1,,,.04258405,,"1",11.71996,.0100582,.8417116,.5758321,-.0981061,1,,
"WV","West Virginia",2022,1,"1",1,1,"1",.0012042,.0073585,.0028972,.0002412,.0760838,.011396,.1521739,.9979842,1,,,,.0235128,"1",6.254825,,.8006181,.3565613,,1,,-.094986
"WY","Wyoming",2008,1,"0",,,"",,,,.0008827,.0275452,,.2339181,.8834472,0,.12815282,,.05982095,,"0",5.620379,.0053494,.7828825,.6310446,,,,
"WY","Wyoming",2010,1,"0",0,0,"0",,,,.0011267,.0447299,.0338983,.483023,.8937522,1,,.1332978,,.0209434,"0",,,.7250256,.4580802,,,,
"WY","Wyoming",2012,1,"0",0,0,"0",,,,.000706,.026823,.0326158,.2848958,.9005393,1,.11532616,,.04179411,,"0",4.516539,.0065417,.7467319,.5929766,,,,
"WY","Wyoming",2014,1,"0",0,0,"0",,,,.0014724,.0400125,.0332226,.4646098,.8959528,1,,.113828,,.0193622,"0",2.759438,,.6744344,.393362,,,,
"WY","Wyoming",2016,1,"0",0,0,"0",,.0001871,.0001091,.0007172,.032028,.022508,.2211704,.9444444,1,.07836531,,.03310362,,"0",5.730819,.0113568,.7951592,.5973827,,,,
"WY","Wyoming",2018,1,"1",0,0,"0",,.0001461,.0000341,.0012179,.0301594,.0603865,.2724077,.9444444,1,,.1003753,,.0225553,"0",2.375983,,.7501949,.4867543,,,,
"WY","Wyoming",2020,1,"0",0,0,"0",,.0001436,.0000898,.0006212,.0437011,.0058343,.1325911,.9721677,1,,,.0450528,,"0",7.843119,.0062405,.8270708,.6456334,-.0946482,,,
"WY","Wyoming",2022,1,"0",0,0,"0",,.0002203,.0001403,.0008721,.1425824,.06469,.3205128,.9574886,1,,,,.0166498,"0",3.924755,,.7255028,.457007,,,,-.0750723
